by,test,chi2_decentralized,chi2_original,entropy_decentralized,entropy_original,ks,wasserstein
headerwise,1,"{'statistic': 677150.104, 'p-value': 0.0}","{'statistic': 719924.8078659606, 'p-value': 0.0}",3.696569081405154,3.6630824101600306,"{'statistic': 0.03654009918700407, 'p-value': 1.8945801117682134e-232}",0.00930251840238845
headerwise,2,"{'statistic': 8783.928499999998, 'p-value': 0.0}","{'statistic': 7272.1801290993535, 'p-value': 0.0}",4.594620910002637,4.596354849965883,"{'statistic': 0.006596992102539445, 'p-value': 5.480295001525958e-08}",0.0015480293518053293
headerwise,3,"{'statistic': 46685.6635, 'p-value': 0.0}","{'statistic': 48953.4502227489, 'p-value': 0.0}",4.549482588973608,4.546931254267833,"{'statistic': 0.008813983367583211, 'p-value': 6.349901336083118e-14}",0.0025100258609322894
headerwise,4,"{'statistic': 3000.37, 'p-value': 0.0}","{'statistic': 3575.0486147569263, 'p-value': 0.0}",4.601438633046978,4.60060378153451,"{'statistic': 0.003821298993505029, 'p-value': 0.005797414565444296}",0.0009448753490360973
bitwise,1,"{'statistic': 91.92857142857143, 'p-value': 0.6798738452040382}","{'statistic': 99.5373317013464, 'p-value': 0.4659331221733251}",4.579708095017609,4.574036338327428,"{'statistic': 0.02540531015037594, 'p-value': 0.6266544561396465}",0.006197050086188304
bitwise,2,"{'statistic': 111.57142857142856, 'p-value': 0.18270862696953233}","{'statistic': 94.39657282741737, 'p-value': 0.6120927372367897}",4.573404412665961,4.575450026502458,"{'statistic': 0.0363624814215772, 'p-value': 0.20176929815259234}",0.014147179996105584
bitwise,3,"{'statistic': 98.51339285714283, 'p-value': 0.494900992469738}","{'statistic': 98.4357405140759, 'p-value': 0.4971090360082993}",4.5778216972710215,4.575467863992255,"{'statistic': 0.04146130223815352, 'p-value': 0.10200131004273559}",0.02079940331823175
bitwise,4,"{'statistic': 90.5892857142857, 'p-value': 0.7149137809731955}","{'statistic': 108.71725826193389, 'p-value': 0.23692835605010285}",4.5798353805238285,4.5723054032169035,"{'statistic': 0.035829034796293055, 'p-value': 0.2155526980088646}",0.012403713787474083
